keys,ko,en
TITLE,균사,HYPHA
TITLE_SUB,오르카급 · 운전수 하윤,ORCA-CLASS · DRIVER HA YOON
TITLE_TAGLINE,1스테이지 — 균사에 먹힌 마을,STAGE 1 — THE VILLAGE THE FUNGUS ATE
TITLE_BEST,최고 점수 %d,BEST %d
MENU_START_NORMAL,출격 — 보통,SORTIE — NORMAL
MENU_START_HARD,출격 — 어려움,SORTIE — HARD
MENU_FROM_MIDBOSS,분교부터 (기록 제외),FROM THE SCHOOL (UNRANKED)
MENU_FROM_BOSS,댐부터 (기록 제외),FROM THE DAM (UNRANKED)
MENU_SETTINGS,설정,SETTINGS
MENU_QUIT,종료,QUIT
MENU_BACK,뒤로,BACK
MENU_PAUSED,일시정지,PAUSED
MENU_RESUME,계속,RESUME
MENU_RESTART,다시 시작,RESTART
MENU_QUIT_TITLE,타이틀로,TO TITLE
MENU_CONTINUE_CHECKPOINT,체크포인트에서 이어하기,CONTINUE FROM CHECKPOINT
MENU_RESTART_STAGE,처음부터,RESTART STAGE
MENU_RETRY,한 판 더,ONE MORE RUN
GAME_OVER,작전 실패,MISSION FAILED
GAME_OVER_SCORE,점수 %d,SCORE %d
SET_LANGUAGE,언어,LANGUAGE
LANGUAGE_NAME,한국어,ENGLISH
SET_MASTER,전체 음량,MASTER VOLUME
SET_MUSIC,음악,MUSIC
SET_SFX,효과음,SOUND EFFECTS
SET_SENSITIVITY,조준 감도,AIM SENSITIVITY
SET_SHAKE,화면 흔들림,SCREEN SHAKE
SET_DITHER,디더링 강도,DITHER
SET_CONTROLS,조작 설정,CONTROLS
SET_REBIND_HELP,선택 후 새 키를 누르세요,"SELECT, THEN PRESS A NEW KEY"
SET_RESET_BINDINGS,기본값으로,RESET TO DEFAULTS
PRESS_KEY,키 입력…,PRESS…
ACTION_MOVE_FORWARD,전진,FORWARD
ACTION_MOVE_BACK,후진,BACK
ACTION_MOVE_LEFT,왼쪽,LEFT
ACTION_MOVE_RIGHT,오른쪽,RIGHT
ACTION_FIRE_COAX,동축기관총,COAXIAL GUN
ACTION_FIRE_CANNON,주포,MAIN GUN
ACTION_ANCHOR,드리프트 / 급정지,DRIFT / HARD STOP
ACTION_OVERDRIVE,오버드라이브,OVERDRIVE
ACTION_BRAKE,브레이크,BRAKE
ACTION_PAUSE,일시정지,PAUSE
MOUSE_1,마우스 왼쪽,LMB
MOUSE_2,마우스 오른쪽,RMB
MOUSE_3,마우스 가운데,MMB
MOUSE_8,마우스 4,MOUSE 4
MOUSE_9,마우스 5,MOUSE 5
ROUND_APHE,철갑유탄,APHE
ROUND_HEAT,대전차고폭탄,HEAT
ROUND_CANISTER,산탄,CANISTER
ROUND_DRAGON,용의 숨결,DRAGON'S BREATH
ROUND_APFSDS,날개안정분리철갑탄,APFSDS
ROUND_AIRBURST,공중폭발탄,AIRBURST
PICKUP_COAX,동축 강화,COAX UP
PICKUP_HEAT,대전차고폭탄,HEAT
PICKUP_CANISTER,산탄,CANISTER
PICKUP_DRAGON,용의 숨결,DRAGON'S BREATH
PICKUP_APFSDS,날개안정분리철갑탄,APFSDS
PICKUP_AIRBURST,공중폭발탄,AIRBURST
PICKUP_REPAIR,수리,REPAIR
PICKUP_LIFE,예비 차체,SPARE HULL
SECTION_0,농로,FARM ROAD
SECTION_1,마을,VILLAGE
SECTION_2,분교,BRANCH SCHOOL
SECTION_3,저수지,RESERVOIR
SECTION_4,고가도로,OVERPASS
SECTION_5,댐,THE DAM
CHECKPOINT,체크포인트,CHECKPOINT
SPEAKER_AI,오르카 전투 보조,ORCA COMBAT ASSIST
BOSS_COLOSSUS,균사 거인,HYPHAL COLOSSUS
BOSS_HELICOPTER,감염된 공격헬기,INFECTED GUNSHIP
HINT_CONTROLS,WASD 이동 · 좌클릭 동축 · 우클릭 주포 · Q 드리프트 · Shift/Ctrl 가속/감속,WASD MOVE · LMB COAX · RMB MAIN GUN · Q DRIFT · SHIFT/CTRL BOOST/BRAKE
HINT_TAIL,"꼬리는 알아서 낚아채고, 잡고, 던집니다","THE TAIL SNATCHES, GRABS AND THROWS ON ITS OWN"
HINT_ANCHOR,Q + 방향: 드리프트 — 꼬리가 주변을 후려칩니다,Q + DIRECTION: DRIFT — THE TAIL LASHES AROUND YOU
STAGE_CLEAR,1스테이지 돌파,STAGE 1 CLEAR
RESULT_SCORE,점수,SCORE
RESULT_KILLS,격파율,KILLS
RESULT_ACCURACY,주포 명중률,MAIN GUN ACCURACY
RESULT_MAX_COMBO,최대 연속,MAX CHAIN
RESULT_DAMAGE,받은 피해,DAMAGE TAKEN
RESULT_TIME,시간,TIME
RESULT_RANK,등급,RANK
RESULT_NEW_BEST,최고 기록!,NEW BEST!
RESULT_UNRANKED,체크포인트 시작 — 기록 제외,STARTED FROM CHECKPOINT — UNRANKED
AI_BOOT,전투 보조 시스템 가동. 균사 오염 구역 진입.,Combat assist online. Entering hyphal contamination zone.
AI_ROUTE,"작전 경로 설정: 마을 경유, 저수지 댐.",Route set: through the village to the reservoir dam.
AI_FPV,경고: 자폭 드론 접근. 적색 표시등 점등 시 강하.,Warning: loitering munitions. Red light precedes dive.
AI_REAR,경고: 후방 위협.,Warning: rear arc threat.
AI_UGV,무인 전투차량 탐지. 대전차 유도 활성.,Unmanned combat vehicles detected. Anti-tank guidance active.
AI_BIO,생체 반응 다수. 소이탄 유효.,Multiple biosignatures. Incendiary effective.
AI_UAV,고정익 무인기 접근. 착탄 지점 표시.,Fixed-wing drones inbound. Impact zones marked.
AI_SPITTER,포자 투사체 탐지. 착탄 지점 표시.,Spore projectiles detected. Impact points marked.
AI_BIO_LARGE,전방 대형 생체 반응.,Massive biosignature ahead.
AI_MIDBOSS,발광 결절 3개 식별. 소이 공격 권장.,Three luminous nodes identified. Incendiary recommended.
AI_CORE,핵 노출.,Core exposed.
AI_SWEEP,전폭 촉수 공격. 회피 기동 권장.,Full-width sweep. Evasive maneuver advised.
AI_BIO_DOWN,생체 반응 소멸.,Biosignature terminated.
AI_REEDS,갈대 지대에 열원 다수.,Multiple heat sources in the reeds.
AI_STORM,포자 폭풍. 광학 효율 저하.,Spore storm. Optical efficiency degraded.
AI_AREA_CLEAR,주변 위협 없음.,No threats in range.
AI_ROTOR,경고: 회전익 공격기 접근.,Warning: rotary-wing gunship inbound.
AI_BOSS,대상: 감염 공격헬기. 무장 식별 중.,Target: infected gunship. Identifying armament.
AI_BOSS_PHASE2,대상 장갑판 이탈. 근접 기동.,Target armor shed. Closing distance.
AI_BOSS_PHASE3,대상 생체 전환 감지. 거동 예측 불가.,Target bio-conversion detected. Behavior unpredictable.
AI_CLEAR,위협 소멸. 작전 구역 확보.,Threats neutralized. Area secured.
AI_LOW_ARMOR,경고: 장갑 무결성 위험.,Warning: hull integrity critical.
AI_LIFE_LOST,차체 손실. 예비 차체 투입.,Hull lost. Deploying spare hull.
AI_OVERHEAT,레이저 과열. 냉각 중.,Laser overheat. Cooling.
AI_NO_DAMAGE,구역 무손상 통과.,Sector cleared without damage.
